<DataDictionary name="Connection1" schema="" catalog=""><catalogs><catalog name="undefined"><schemas><schema name="dbsample"><tables><table name="follow" grid_caption="List of Follow" record_caption="Add/Edit Follow" ddoriginname="follow"><column name="idfollow" ddcaption="Idfollow" dddescription="Idfollow" input_caption="Idfollow" input_inputmask="" ddoriginname="idfollow" dddisplaycontrol="Label" dddisplayevents="(not assigned)" ddeditcontrol="TextBox" input_datasource="" input_boundcolumn="" input_textcolumn="" ddinputevents="(not assigned)" dddisplayvisible="true" ddinputvisible="true" ddcontrolmaxlength="" dddisplaylinkproperties="" ddinputlinkproperties="" dduserdefinedprimarykey="false" input_html="HTML" display_html="Text" input_hreftype="Page" display_hreftype="Page" display_urltype="None" input_urltype="None" display_preserveparameters="GET" input_preserveparameters="GET" ddisrequired="True" input_required="True" ddcontrolsize="10" ddsize="10" ddtype="Integer" ddprimarykey="true" ddforeignkey="false" /><column name="followerId" ddcaption="FollowerId" dddescription="FollowerId" input_caption="FollowerId" input_inputmask="" ddoriginname="followerId" dddisplaycontrol="Label" dddisplayevents="(not assigned)" ddeditcontrol="ListBox" input_datasource="auth" input_boundcolumn="idauth" input_textcolumn="username" ddinputevents="(not assigned)" dddisplayvisible="true" ddinputvisible="true" ddcontrolmaxlength="" dddisplaylinkproperties="" ddinputlinkproperties="" dduserdefinedprimarykey="false" input_html="HTML" display_html="Text" input_hreftype="Page" display_hreftype="Page" display_urltype="None" input_urltype="None" display_preserveparameters="GET" input_preserveparameters="GET" ddisrequired="False" input_required="False" ddcontrolsize="10" ddsize="10" ddtype="Integer" ddprimarykey="false" ddforeignkey="true" /><column name="followedId" ddcaption="FollowedId" dddescription="FollowedId" input_caption="FollowedId" input_inputmask="" ddoriginname="followedId" dddisplaycontrol="Label" dddisplayevents="(not assigned)" ddeditcontrol="ListBox" input_datasource="auth" input_boundcolumn="idauth" input_textcolumn="username" ddinputevents="(not assigned)" dddisplayvisible="true" ddinputvisible="true" ddcontrolmaxlength="" dddisplaylinkproperties="" ddinputlinkproperties="" dduserdefinedprimarykey="false" input_html="HTML" display_html="Text" input_hreftype="Page" display_hreftype="Page" display_urltype="None" input_urltype="None" display_preserveparameters="GET" input_preserveparameters="GET" ddisrequired="False" input_required="False" ddcontrolsize="10" ddsize="10" ddtype="Integer" ddprimarykey="false" ddforeignkey="true" /></table><table name="sampletbl" grid_caption="List of Sampletbl" record_caption="Add/Edit Sampletbl" ddoriginname="sampletbl"><column name="Id" ddcaption="Id" dddescription="Id" input_caption="Id" input_inputmask="" ddoriginname="Id" dddisplaycontrol="Label" dddisplayevents="(not assigned)" ddeditcontrol="TextBox" input_datasource="" input_boundcolumn="" input_textcolumn="" ddinputevents="(not assigned)" dddisplayvisible="true" ddinputvisible="true" ddcontrolmaxlength="" dddisplaylinkproperties="" ddinputlinkproperties="" dduserdefinedprimarykey="false" input_html="HTML" display_html="Text" input_hreftype="Page" display_hreftype="Page" display_urltype="None" input_urltype="None" display_preserveparameters="GET" input_preserveparameters="GET" ddisrequired="True" input_required="True" ddcontrolsize="10" ddsize="10" ddtype="Integer" ddprimarykey="true" ddforeignkey="false" /><column name="name" ddcaption="Name" dddescription="Name" input_caption="Name" input_inputmask="" ddoriginname="name" dddisplaycontrol="Label" dddisplayevents="(not assigned)" ddeditcontrol="TextBox" input_datasource="" input_boundcolumn="" input_textcolumn="" ddinputevents="(not assigned)" dddisplayvisible="true" ddinputvisible="true" ddcontrolmaxlength="" dddisplaylinkproperties="" ddinputlinkproperties="" dduserdefinedprimarykey="false" input_html="HTML" display_html="Text" input_hreftype="Page" display_hreftype="Page" display_urltype="None" input_urltype="None" display_preserveparameters="GET" input_preserveparameters="GET" ddisrequired="False" input_required="False" ddcontrolsize="45" ddsize="45" ddtype="Text" ddprimarykey="false" ddforeignkey="false" /><column name="position" ddcaption="Position" dddescription="Position" input_caption="Position" input_inputmask="" ddoriginname="position" dddisplaycontrol="Label" dddisplayevents="(not assigned)" ddeditcontrol="TextBox" input_datasource="" input_boundcolumn="" input_textcolumn="" ddinputevents="(not assigned)" dddisplayvisible="true" ddinputvisible="true" ddcontrolmaxlength="" dddisplaylinkproperties="" ddinputlinkproperties="" dduserdefinedprimarykey="false" input_html="HTML" display_html="Text" input_hreftype="Page" display_hreftype="Page" display_urltype="None" input_urltype="None" display_preserveparameters="GET" input_preserveparameters="GET" ddisrequired="False" input_required="False" ddcontrolsize="45" ddsize="45" ddtype="Text" ddprimarykey="false" ddforeignkey="false" /><column name="phonenumber" ddcaption="Phonenumber" dddescription="Phonenumber" input_caption="Phonenumber" input_inputmask="" ddoriginname="phonenumber" dddisplaycontrol="Label" dddisplayevents="(not assigned)" ddeditcontrol="TextBox" input_datasource="" input_boundcolumn="" input_textcolumn="" ddinputevents="(not assigned)" dddisplayvisible="true" ddinputvisible="true" ddcontrolmaxlength="" dddisplaylinkproperties="" ddinputlinkproperties="" dduserdefinedprimarykey="false" input_html="HTML" display_html="Text" input_hreftype="Page" display_hreftype="Page" display_urltype="None" input_urltype="None" display_preserveparameters="GET" input_preserveparameters="GET" ddisrequired="False" input_required="False" ddcontrolsize="45" ddsize="45" ddtype="Text" ddprimarykey="false" ddforeignkey="false" /><column name="profilepic" ddisrequired="false" input_required="false" ddcontrolsize="45" ddsize="45" ddtype="Text" ddprimarykey="false" ddforeignkey="false" /></table><table name="tasks" grid_caption="List of Tasks" record_caption="Add/Edit Tasks" ddoriginname="tasks"><column name="id" ddcaption="Id" dddescription="Id" input_caption="Id" input_inputmask="" ddoriginname="id" dddisplaycontrol="Label" dddisplayevents="(not assigned)" ddeditcontrol="TextBox" input_datasource="" input_boundcolumn="" input_textcolumn="" ddinputevents="(not assigned)" dddisplayvisible="true" ddinputvisible="true" ddcontrolmaxlength="" dddisplaylinkproperties="" ddinputlinkproperties="" dduserdefinedprimarykey="false" input_html="HTML" display_html="Text" input_hreftype="Page" display_hreftype="Page" display_urltype="None" input_urltype="None" display_preserveparameters="GET" input_preserveparameters="GET" ddisrequired="True" input_required="True" ddcontrolsize="10" ddsize="10" ddtype="Integer" ddprimarykey="true" ddforeignkey="false" /><column name="empid" ddcaption="Empid" dddescription="Empid" input_caption="Empid" input_inputmask="" ddoriginname="empid" dddisplaycontrol="Label" dddisplayevents="(not assigned)" ddeditcontrol="ListBox" input_datasource="sampletbl" input_boundcolumn="Id" input_textcolumn="name" ddinputevents="(not assigned)" dddisplayvisible="true" ddinputvisible="true" ddcontrolmaxlength="" dddisplaylinkproperties="" ddinputlinkproperties="" dduserdefinedprimarykey="false" input_html="HTML" display_html="Text" input_hreftype="Page" display_hreftype="Page" display_urltype="None" input_urltype="None" display_preserveparameters="GET" input_preserveparameters="GET" ddisrequired="False" input_required="False" ddcontrolsize="10" ddsize="10" ddtype="Integer" ddprimarykey="false" ddforeignkey="true" /><column name="tasks" ddcaption="Tasks" dddescription="Tasks" input_caption="Tasks" input_inputmask="" ddoriginname="tasks" dddisplaycontrol="Label" dddisplayevents="(not assigned)" ddeditcontrol="TextBox" input_datasource="" input_boundcolumn="" input_textcolumn="" ddinputevents="(not assigned)" dddisplayvisible="true" ddinputvisible="true" ddcontrolmaxlength="" dddisplaylinkproperties="" ddinputlinkproperties="" dduserdefinedprimarykey="false" input_html="HTML" display_html="Text" input_hreftype="Page" display_hreftype="Page" display_urltype="None" input_urltype="None" display_preserveparameters="GET" input_preserveparameters="GET" ddisrequired="False" input_required="False" ddcontrolsize="45" ddsize="45" ddtype="Text" ddprimarykey="false" ddforeignkey="false" /></table><table name="articles" grid_caption="List of Articles" record_caption="Add/Edit Articles" ddoriginname="articles"><column name="Id" ddcaption="Id" dddescription="Id" input_caption="Id" input_inputmask="" ddoriginname="Id" dddisplaycontrol="Label" dddisplayevents="(not assigned)" ddeditcontrol="TextBox" input_datasource="" input_boundcolumn="" input_textcolumn="" ddinputevents="(not assigned)" dddisplayvisible="true" ddinputvisible="true" ddcontrolmaxlength="" dddisplaylinkproperties="" ddinputlinkproperties="" dduserdefinedprimarykey="false" input_html="HTML" display_html="Text" input_hreftype="Page" display_hreftype="Page" display_urltype="None" input_urltype="None" display_preserveparameters="GET" input_preserveparameters="GET" ddisrequired="True" input_required="True" ddcontrolsize="10" ddsize="10" ddtype="Integer" ddprimarykey="true" ddforeignkey="false" /><column name="ArticleTitle" ddcaption="ArticleTitle" dddescription="ArticleTitle" input_caption="ArticleTitle" input_inputmask="" ddoriginname="ArticleTitle" dddisplaycontrol="Label" dddisplayevents="(not assigned)" ddeditcontrol="TextBox" input_datasource="" input_boundcolumn="" input_textcolumn="" ddinputevents="(not assigned)" dddisplayvisible="true" ddinputvisible="true" ddcontrolmaxlength="" dddisplaylinkproperties="" ddinputlinkproperties="" dduserdefinedprimarykey="false" input_html="HTML" display_html="Text" input_hreftype="Page" display_hreftype="Page" display_urltype="None" input_urltype="None" display_preserveparameters="GET" input_preserveparameters="GET" ddisrequired="False" input_required="False" ddcontrolsize="45" ddsize="45" ddtype="Text" ddprimarykey="false" ddforeignkey="false" /><column name="ArticleDescription" ddcaption="ArticleDescription" dddescription="ArticleDescription" input_caption="ArticleDescription" input_inputmask="" ddoriginname="ArticleDescription" dddisplaycontrol="Label" dddisplayevents="(not assigned)" ddeditcontrol="TextArea" input_datasource="" input_boundcolumn="" input_textcolumn="" ddinputevents="(not assigned)" dddisplayvisible="true" ddinputvisible="true" ddcontrolmaxlength="" dddisplaylinkproperties="" ddinputlinkproperties="" dduserdefinedprimarykey="false" input_html="HTML" display_html="Text" input_hreftype="Page" display_hreftype="Page" display_urltype="None" input_urltype="None" display_preserveparameters="GET" input_preserveparameters="GET" ddisrequired="False" input_required="False" ddcontrolsize="50" ddsize="32767" ddtype="Memo" ddprimarykey="false" ddforeignkey="false" /><column name="visible" ddcaption="Visible" dddescription="Visible" input_caption="Visible" input_inputmask="" ddoriginname="visible" dddisplaycontrol="Label" dddisplayevents="(not assigned)" ddeditcontrol="TextBox" input_datasource="" input_boundcolumn="" input_textcolumn="" ddinputevents="(not assigned)" dddisplayvisible="true" ddinputvisible="true" ddcontrolmaxlength="" dddisplaylinkproperties="" ddinputlinkproperties="" dduserdefinedprimarykey="false" input_html="HTML" display_html="Text" input_hreftype="Page" display_hreftype="Page" display_urltype="None" input_urltype="None" display_preserveparameters="GET" input_preserveparameters="GET" ddisrequired="False" input_required="False" ddcontrolsize="3" ddsize="3" ddtype="Integer" ddprimarykey="false" ddforeignkey="false" /><column name="memberId" ddcaption="MemberId" dddescription="MemberId" input_caption="MemberId" input_inputmask="" ddoriginname="memberId" dddisplaycontrol="Label" dddisplayevents="(not assigned)" ddeditcontrol="TextBox" input_datasource="" input_boundcolumn="" input_textcolumn="" ddinputevents="(not assigned)" dddisplayvisible="true" ddinputvisible="true" ddcontrolmaxlength="" dddisplaylinkproperties="" ddinputlinkproperties="" dduserdefinedprimarykey="false" input_html="HTML" display_html="Text" input_hreftype="Page" display_hreftype="Page" display_urltype="None" input_urltype="None" display_preserveparameters="GET" input_preserveparameters="GET" ddisrequired="False" input_required="False" ddcontrolsize="10" ddsize="10" ddtype="Integer" ddprimarykey="false" ddforeignkey="false" /><column name="Image" ddcaption="Image" dddescription="Image" input_caption="Image" input_inputmask="" ddoriginname="Image" dddisplaycontrol="Label" dddisplayevents="(not assigned)" ddeditcontrol="TextArea" input_datasource="" input_boundcolumn="" input_textcolumn="" ddinputevents="(not assigned)" dddisplayvisible="true" ddinputvisible="true" ddcontrolmaxlength="" dddisplaylinkproperties="" ddinputlinkproperties="" dduserdefinedprimarykey="false" input_html="HTML" display_html="Text" input_hreftype="Page" display_hreftype="Page" display_urltype="None" input_urltype="None" display_preserveparameters="GET" input_preserveparameters="GET" ddisrequired="False" input_required="False" ddcontrolsize="50" ddsize="32767" ddtype="Memo" ddprimarykey="false" ddforeignkey="false" /></table><table name="auth" grid_caption="List of Auth" record_caption="Add/Edit Auth" ddoriginname="auth"><column name="idauth" ddcaption="Idauth" dddescription="Idauth" input_caption="Idauth" input_inputmask="" ddoriginname="idauth" dddisplaycontrol="Label" dddisplayevents="(not assigned)" ddeditcontrol="TextBox" input_datasource="" input_boundcolumn="" input_textcolumn="" ddinputevents="(not assigned)" dddisplayvisible="true" ddinputvisible="true" ddcontrolmaxlength="" dddisplaylinkproperties="" ddinputlinkproperties="" dduserdefinedprimarykey="false" input_html="HTML" display_html="Text" input_hreftype="Page" display_hreftype="Page" display_urltype="None" input_urltype="None" display_preserveparameters="GET" input_preserveparameters="GET" ddisrequired="True" input_required="True" ddcontrolsize="10" ddsize="10" ddtype="Integer" ddprimarykey="true" ddforeignkey="false" /><column name="username" ddcaption="Username" dddescription="Username" input_caption="Username" input_inputmask="" ddoriginname="username" dddisplaycontrol="Label" dddisplayevents="(not assigned)" ddeditcontrol="TextBox" input_datasource="" input_boundcolumn="" input_textcolumn="" ddinputevents="(not assigned)" dddisplayvisible="true" ddinputvisible="true" ddcontrolmaxlength="" dddisplaylinkproperties="" ddinputlinkproperties="" dduserdefinedprimarykey="false" input_html="HTML" display_html="Text" input_hreftype="Page" display_hreftype="Page" display_urltype="None" input_urltype="None" display_preserveparameters="GET" input_preserveparameters="GET" ddisrequired="False" input_required="False" ddcontrolsize="45" ddsize="45" ddtype="Text" ddprimarykey="false" ddforeignkey="false" /><column name="password" ddcaption="Password" dddescription="Password" input_caption="Password" input_inputmask="" ddoriginname="password" dddisplaycontrol="Label" dddisplayevents="(not assigned)" ddeditcontrol="TextBox" input_datasource="" input_boundcolumn="" input_textcolumn="" ddinputevents="(not assigned)" dddisplayvisible="true" ddinputvisible="true" ddcontrolmaxlength="" dddisplaylinkproperties="" ddinputlinkproperties="" dduserdefinedprimarykey="false" input_html="HTML" display_html="Text" input_hreftype="Page" display_hreftype="Page" display_urltype="None" input_urltype="None" display_preserveparameters="GET" input_preserveparameters="GET" ddisrequired="False" input_required="False" ddcontrolsize="45" ddsize="45" ddtype="Text" ddprimarykey="false" ddforeignkey="false" /><column name="GroupId" ddcaption="GroupId" dddescription="GroupId" input_caption="GroupId" input_inputmask="" ddoriginname="GroupId" dddisplaycontrol="Label" dddisplayevents="(not assigned)" ddeditcontrol="TextBox" input_datasource="" input_boundcolumn="" input_textcolumn="" ddinputevents="(not assigned)" dddisplayvisible="true" ddinputvisible="true" ddcontrolmaxlength="" dddisplaylinkproperties="" ddinputlinkproperties="" dduserdefinedprimarykey="false" input_html="HTML" display_html="Text" input_hreftype="Page" display_hreftype="Page" display_urltype="None" input_urltype="None" display_preserveparameters="GET" input_preserveparameters="GET" ddisrequired="False" input_required="False" ddcontrolsize="10" ddsize="10" ddtype="Integer" ddprimarykey="false" ddforeignkey="false" /><column name="empId" ddcaption="EmpId" dddescription="EmpId" input_caption="EmpId" input_inputmask="" ddoriginname="empId" dddisplaycontrol="Label" dddisplayevents="(not assigned)" ddeditcontrol="ListBox" input_datasource="sampletbl" input_boundcolumn="Id" input_textcolumn="name" ddinputevents="(not assigned)" dddisplayvisible="true" ddinputvisible="true" ddcontrolmaxlength="" dddisplaylinkproperties="" ddinputlinkproperties="" dduserdefinedprimarykey="false" input_html="HTML" display_html="Text" input_hreftype="Page" display_hreftype="Page" display_urltype="None" input_urltype="None" display_preserveparameters="GET" input_preserveparameters="GET" ddisrequired="False" input_required="False" ddcontrolsize="10" ddsize="10" ddtype="Integer" ddprimarykey="false" ddforeignkey="true" /></table><table name="d" grid_caption="List of D" record_caption="Add/Edit D" ddoriginname="d"><column name="id" ddcaption="Id" dddescription="Id" input_caption="Id" input_inputmask="" ddoriginname="id" dddisplaycontrol="Label" dddisplayevents="(not assigned)" ddeditcontrol="TextBox" input_datasource="" input_boundcolumn="" input_textcolumn="" ddinputevents="(not assigned)" dddisplayvisible="true" ddinputvisible="true" ddcontrolmaxlength="" dddisplaylinkproperties="" ddinputlinkproperties="" dduserdefinedprimarykey="false" input_html="HTML" display_html="Text" input_hreftype="Page" display_hreftype="Page" display_urltype="None" input_urltype="None" display_preserveparameters="GET" input_preserveparameters="GET" ddisrequired="False" input_required="False" ddcontrolsize="10" ddsize="10" ddtype="Integer" ddprimarykey="false" ddforeignkey="false" /><column name="empid" ddcaption="Empid" dddescription="Empid" input_caption="Empid" input_inputmask="" ddoriginname="empid" dddisplaycontrol="Label" dddisplayevents="(not assigned)" ddeditcontrol="TextBox" input_datasource="" input_boundcolumn="" input_textcolumn="" ddinputevents="(not assigned)" dddisplayvisible="true" ddinputvisible="true" ddcontrolmaxlength="" dddisplaylinkproperties="" ddinputlinkproperties="" dduserdefinedprimarykey="false" input_html="HTML" display_html="Text" input_hreftype="Page" display_hreftype="Page" display_urltype="None" input_urltype="None" display_preserveparameters="GET" input_preserveparameters="GET" ddisrequired="False" input_required="False" ddcontrolsize="10" ddsize="10" ddtype="Integer" ddprimarykey="false" ddforeignkey="false" /><column name="tasks" ddcaption="Tasks" dddescription="Tasks" input_caption="Tasks" input_inputmask="" ddoriginname="tasks" dddisplaycontrol="Label" dddisplayevents="(not assigned)" ddeditcontrol="TextArea" input_datasource="" input_boundcolumn="" input_textcolumn="" ddinputevents="(not assigned)" dddisplayvisible="true" ddinputvisible="true" ddcontrolmaxlength="" dddisplaylinkproperties="" ddinputlinkproperties="" dduserdefinedprimarykey="false" input_html="HTML" display_html="Text" input_hreftype="Page" display_hreftype="Page" display_urltype="None" input_urltype="None" display_preserveparameters="GET" input_preserveparameters="GET" ddisrequired="False" input_required="False" ddcontrolsize="50" ddsize="32767" ddtype="Memo" ddprimarykey="false" ddforeignkey="false" /></table></tables></schema></schemas></catalog></catalogs><relations><relation RelationID="2" LeftTable="auth" LeftCatalog="undefined" LeftSchema="dbsample" RightTable="articles" RightCatalog="undefined" RightSchema="dbsample" UserDefined="true"><ColumnPair Left="idauth" Right="memberId" /></relation><relation RelationID="5" LeftTable="auth" LeftCatalog="undefined" LeftSchema="dbsample" RightTable="sampletbl" RightCatalog="undefined" RightSchema="dbsample" UserDefined="false"><ColumnPair Left="empId" Right="Id" /></relation><relation RelationID="4" LeftTable="tasks" LeftCatalog="undefined" LeftSchema="dbsample" RightTable="sampletbl" RightCatalog="undefined" RightSchema="dbsample" UserDefined="false"><ColumnPair Left="empid" Right="Id" /></relation><relation RelationID="3" LeftTable="follow" LeftCatalog="undefined" LeftSchema="dbsample" RightTable="auth" RightCatalog="undefined" RightSchema="dbsample" UserDefined="false"><ColumnPair Left="followedId" Right="idauth" /></relation><relation RelationID="1" LeftTable="follow" LeftCatalog="undefined" LeftSchema="dbsample" RightTable="auth" RightCatalog="undefined" RightSchema="dbsample" UserDefined="false"><ColumnPair Left="followerId" Right="idauth" /></relation></relations><Positions><Position TableName="follow" Catalog="undefined" Schema="dbsample" X="206" Y="-1" Height="101" Width="140" /><Position TableName="sampletbl" Catalog="undefined" Schema="dbsample" X="284" Y="254" Height="118" Width="140" /><Position TableName="articles" Catalog="undefined" Schema="dbsample" X="16" Y="240" Height="152" Width="164" /><Position TableName="auth" Catalog="undefined" Schema="dbsample" X="38" Y="66" Height="135" Width="140" /><Position TableName="d" Catalog="undefined" Schema="dbsample" X="523" Y="59" Height="101" Width="140" /><Position TableName="tasks" Catalog="undefined" Schema="dbsample" X="282" Y="120" Height="101" Width="140" /></Positions></DataDictionary>