<LldlCache allCatalogs="True" allSchemes="True" allColumns="True" allPrimaryKeys="True" allForeignKeys="False" allTables="True" allAliases="False" allSynonyms="True" allSystemTables="False" allSystemViews="False" allViews="True" allProcedures="False" allProcedureParameters="False">
  <catalog allSchemes="True" allColumns="True" allPrimaryKeys="True" allForeignKeys="False" allTables="True" allAliases="False" allSynonyms="True" allSystemTables="False" allSystemViews="False" allViews="True" allProcedures="False" allProcedureParameters="False" full="False">
    <schema allColumns="False" allPrimaryKeys="False" allForeignKeys="False" allTables="True" allAliases="False" allSynonyms="True" allSystemTables="False" allSystemViews="False" allViews="True" allProcedures="False" allProcedureParameters="False" full="False">
      <table TABLE_NAME="ages" allColumns="True" allPrimaryKeys="False" allForeignKeys="False" full="True">
        <column COLUMN_NAME="age_id" ORDINAL_POSITION="1" DATA_TYPE="3" CCS_TYPE="0" NATIVE_TYPE="System.Int32" NUMERIC_PRECISION="10" IS_NULLABLE="False" COLUMN_HAS_DEFAULT="False" full="True" />
        <column COLUMN_NAME="age_name" ORDINAL_POSITION="2" DATA_TYPE="130" CCS_TYPE="2" NATIVE_TYPE="System.String" MAX_LENGTH="15" OCTET_LENGTH="30" IS_NULLABLE="True" COLUMN_HAS_DEFAULT="False" full="True" />
      </table>
      <table TABLE_NAME="articles" allColumns="False" allPrimaryKeys="False" allForeignKeys="False" full="True" />
      <table TABLE_NAME="blog_categories" allColumns="False" allPrimaryKeys="False" allForeignKeys="False" full="True" />
      <table TABLE_NAME="blog_comments" allColumns="False" allPrimaryKeys="False" allForeignKeys="False" full="True" />
      <table TABLE_NAME="blog_posts" allColumns="False" allPrimaryKeys="False" allForeignKeys="False" full="True" />
      <table TABLE_NAME="countries" allColumns="False" allPrimaryKeys="False" allForeignKeys="False" full="True" />
      <table TABLE_NAME="directory_categories" allColumns="False" allPrimaryKeys="False" allForeignKeys="False" full="True" />
      <table TABLE_NAME="directory_items" allColumns="False" allPrimaryKeys="False" allForeignKeys="False" full="True" />
      <table TABLE_NAME="educations" allColumns="False" allPrimaryKeys="False" allForeignKeys="False" full="True" />
      <table TABLE_NAME="event_categories" allColumns="False" allPrimaryKeys="False" allForeignKeys="False" full="True" />
      <table TABLE_NAME="events" allColumns="True" allPrimaryKeys="False" allForeignKeys="False" full="True">
        <column COLUMN_NAME="event_id" ORDINAL_POSITION="1" DATA_TYPE="3" CCS_TYPE="0" NATIVE_TYPE="System.Int32" NUMERIC_PRECISION="10" IS_NULLABLE="False" COLUMN_HAS_DEFAULT="False" full="True" />
        <column COLUMN_NAME="category_id" ORDINAL_POSITION="2" DATA_TYPE="3" CCS_TYPE="0" NATIVE_TYPE="System.Int32" NUMERIC_PRECISION="10" IS_NULLABLE="True" COLUMN_HAS_DEFAULT="False" full="True" />
        <column COLUMN_NAME="is_approve" ORDINAL_POSITION="3" DATA_TYPE="3" CCS_TYPE="0" NATIVE_TYPE="System.Int32" NUMERIC_PRECISION="10" IS_NULLABLE="True" COLUMN_HAS_DEFAULT="False" full="True" />
        <column COLUMN_NAME="user_id_approve_by" ORDINAL_POSITION="4" DATA_TYPE="3" CCS_TYPE="0" NATIVE_TYPE="System.Int32" NUMERIC_PRECISION="10" IS_NULLABLE="True" COLUMN_HAS_DEFAULT="False" full="True" />
        <column COLUMN_NAME="date_add" ORDINAL_POSITION="5" DATA_TYPE="7" CCS_TYPE="7" NATIVE_TYPE="System.DateTime" DATE_TIME_PRECISION="8" IS_NULLABLE="True" COLUMN_HAS_DEFAULT="False" full="True" />
        <column COLUMN_NAME="date_start" ORDINAL_POSITION="6" DATA_TYPE="7" CCS_TYPE="7" NATIVE_TYPE="System.DateTime" DATE_TIME_PRECISION="8" IS_NULLABLE="True" COLUMN_HAS_DEFAULT="False" full="True" />
        <column COLUMN_NAME="date_end" ORDINAL_POSITION="7" DATA_TYPE="7" CCS_TYPE="7" NATIVE_TYPE="System.DateTime" DATE_TIME_PRECISION="8" IS_NULLABLE="True" COLUMN_HAS_DEFAULT="False" full="True" />
        <column COLUMN_NAME="event_name" ORDINAL_POSITION="8" DATA_TYPE="8" CCS_TYPE="4" NATIVE_TYPE="System.String" MAX_LENGTH="536870910" OCTET_LENGTH="0" IS_NULLABLE="True" COLUMN_HAS_DEFAULT="False" full="True" />
        <column COLUMN_NAME="event_desc" ORDINAL_POSITION="9" DATA_TYPE="8" CCS_TYPE="4" NATIVE_TYPE="System.String" MAX_LENGTH="536870910" OCTET_LENGTH="0" IS_NULLABLE="True" COLUMN_HAS_DEFAULT="False" full="True" />
        <column COLUMN_NAME="presenter" ORDINAL_POSITION="10" DATA_TYPE="130" CCS_TYPE="2" NATIVE_TYPE="System.String" MAX_LENGTH="100" OCTET_LENGTH="200" IS_NULLABLE="True" COLUMN_HAS_DEFAULT="False" full="True" />
        <column COLUMN_NAME="location" ORDINAL_POSITION="11" DATA_TYPE="8" CCS_TYPE="4" NATIVE_TYPE="System.String" MAX_LENGTH="536870910" OCTET_LENGTH="0" IS_NULLABLE="True" COLUMN_HAS_DEFAULT="False" full="True" />
        <column COLUMN_NAME="location_url" ORDINAL_POSITION="12" DATA_TYPE="130" CCS_TYPE="2" NATIVE_TYPE="System.String" MAX_LENGTH="255" OCTET_LENGTH="510" IS_NULLABLE="True" COLUMN_HAS_DEFAULT="False" full="True" />
        <column COLUMN_NAME="image_url" ORDINAL_POSITION="13" DATA_TYPE="130" CCS_TYPE="2" NATIVE_TYPE="System.String" MAX_LENGTH="255" OCTET_LENGTH="510" IS_NULLABLE="True" COLUMN_HAS_DEFAULT="False" full="True" />
        <column COLUMN_NAME="fee" ORDINAL_POSITION="14" DATA_TYPE="130" CCS_TYPE="2" NATIVE_TYPE="System.String" MAX_LENGTH="150" OCTET_LENGTH="300" IS_NULLABLE="True" COLUMN_HAS_DEFAULT="False" full="True" />
        <column COLUMN_NAME="user_id_add" ORDINAL_POSITION="15" DATA_TYPE="3" CCS_TYPE="0" NATIVE_TYPE="System.Int32" NUMERIC_PRECISION="10" IS_NULLABLE="True" COLUMN_HAS_DEFAULT="False" full="True" />
      </table>
      <table TABLE_NAME="forum_messages" allColumns="False" allPrimaryKeys="False" allForeignKeys="False" full="True" />
      <table TABLE_NAME="genders" allColumns="False" allPrimaryKeys="False" allForeignKeys="False" full="True" />
      <table TABLE_NAME="incomes" allColumns="False" allPrimaryKeys="False" allForeignKeys="False" full="True" />
      <table TABLE_NAME="languages" allColumns="False" allPrimaryKeys="False" allForeignKeys="False" full="True" />
      <table TABLE_NAME="link_categories" allColumns="False" allPrimaryKeys="False" allForeignKeys="False" full="True" />
      <table TABLE_NAME="links" allColumns="False" allPrimaryKeys="False" allForeignKeys="False" full="True" />
      <table TABLE_NAME="MSysAccessObjects" allColumns="False" allPrimaryKeys="False" allForeignKeys="False" full="True" />
      <table TABLE_NAME="MSysAccessXML" allColumns="False" allPrimaryKeys="False" allForeignKeys="False" full="True" />
      <table TABLE_NAME="MSysACEs" allColumns="False" allPrimaryKeys="False" allForeignKeys="False" full="True" />
      <table TABLE_NAME="MSysIMEXColumns" allColumns="False" allPrimaryKeys="False" allForeignKeys="False" full="True" />
      <table TABLE_NAME="MSysIMEXSpecs" allColumns="False" allPrimaryKeys="False" allForeignKeys="False" full="True" />
      <table TABLE_NAME="MSysNameMap" allColumns="False" allPrimaryKeys="False" allForeignKeys="False" full="True" />
      <table TABLE_NAME="MSysNavPaneGroupCategories" allColumns="False" allPrimaryKeys="False" allForeignKeys="False" full="True" />
      <table TABLE_NAME="MSysNavPaneGroups" allColumns="False" allPrimaryKeys="False" allForeignKeys="False" full="True" />
      <table TABLE_NAME="MSysNavPaneGroupToObjects" allColumns="False" allPrimaryKeys="False" allForeignKeys="False" full="True" />
      <table TABLE_NAME="MSysNavPaneObjectIDs" allColumns="False" allPrimaryKeys="False" allForeignKeys="False" full="True" />
      <table TABLE_NAME="MSysObjects" allColumns="False" allPrimaryKeys="False" allForeignKeys="False" full="True" />
      <table TABLE_NAME="MSysQueries" allColumns="False" allPrimaryKeys="False" allForeignKeys="False" full="True" />
      <table TABLE_NAME="MSysRelationships" allColumns="False" allPrimaryKeys="False" allForeignKeys="False" full="True" />
      <table TABLE_NAME="news" allColumns="False" allPrimaryKeys="False" allForeignKeys="False" full="True" />
      <table TABLE_NAME="officers" allColumns="False" allPrimaryKeys="False" allForeignKeys="False" full="True" />
      <table TABLE_NAME="smiles" allColumns="False" allPrimaryKeys="False" allForeignKeys="False" full="True" />
      <table TABLE_NAME="states" allColumns="False" allPrimaryKeys="False" allForeignKeys="False" full="True" />
      <table TABLE_NAME="store_categories" allColumns="False" allPrimaryKeys="False" allForeignKeys="False" full="True" />
      <table TABLE_NAME="store_editorial_categories" allColumns="False" allPrimaryKeys="False" allForeignKeys="False" full="True" />
      <table TABLE_NAME="store_editorial_products" allColumns="True" allPrimaryKeys="False" allForeignKeys="False" full="True">
        <column COLUMN_NAME="article_id" ORDINAL_POSITION="1" DATA_TYPE="3" CCS_TYPE="0" NATIVE_TYPE="System.Int32" NUMERIC_PRECISION="10" IS_NULLABLE="False" COLUMN_HAS_DEFAULT="False" full="True" />
        <column COLUMN_NAME="editorial_cat_id" ORDINAL_POSITION="2" DATA_TYPE="3" CCS_TYPE="0" NATIVE_TYPE="System.Int32" NUMERIC_PRECISION="10" IS_NULLABLE="True" DEFAULT_VALUE="0" COLUMN_HAS_DEFAULT="True" full="True" />
        <column COLUMN_NAME="article_title" ORDINAL_POSITION="3" DATA_TYPE="130" CCS_TYPE="2" NATIVE_TYPE="System.String" MAX_LENGTH="200" OCTET_LENGTH="400" IS_NULLABLE="True" COLUMN_HAS_DEFAULT="False" full="True" />
        <column COLUMN_NAME="article_desc" ORDINAL_POSITION="4" DATA_TYPE="8" CCS_TYPE="4" NATIVE_TYPE="System.String" MAX_LENGTH="536870910" OCTET_LENGTH="0" IS_NULLABLE="True" COLUMN_HAS_DEFAULT="False" full="True" />
        <column COLUMN_NAME="product_id" ORDINAL_POSITION="5" DATA_TYPE="3" CCS_TYPE="0" NATIVE_TYPE="System.Int32" NUMERIC_PRECISION="10" IS_NULLABLE="True" DEFAULT_VALUE="0" COLUMN_HAS_DEFAULT="True" full="True" />
        <column COLUMN_NAME="is_active" ORDINAL_POSITION="6" DATA_TYPE="11" CCS_TYPE="5" NATIVE_TYPE="System.Boolean" NUMERIC_PRECISION="1" IS_NULLABLE="False" DEFAULT_VALUE="1" COLUMN_HAS_DEFAULT="True" full="True" />
      </table>
      <table TABLE_NAME="store_order_items" allColumns="False" allPrimaryKeys="False" allForeignKeys="False" full="True" />
      <table TABLE_NAME="store_orders" allColumns="False" allPrimaryKeys="False" allForeignKeys="False" full="True" />
      <table TABLE_NAME="store_products" allColumns="False" allPrimaryKeys="False" allForeignKeys="False" full="True" />
      <table TABLE_NAME="store_shopping_cart_items" allColumns="False" allPrimaryKeys="False" allForeignKeys="False" full="True" />
      <table TABLE_NAME="store_shopping_carts" allColumns="False" allPrimaryKeys="False" allForeignKeys="False" full="True" />
      <table TABLE_NAME="store_statuses" allColumns="False" allPrimaryKeys="False" allForeignKeys="False" full="True" />
      <table TABLE_NAME="user_groups" allColumns="False" allPrimaryKeys="False" allForeignKeys="False" full="True" />
      <table TABLE_NAME="users" allColumns="False" allPrimaryKeys="False" allForeignKeys="False" full="True" />
      <table TABLE_NAME="wishes" allColumns="False" allPrimaryKeys="False" allForeignKeys="False" full="True" />
    </schema>
  </catalog>
</LldlCache>