<DataDictionary name="InternetDB" schema="" catalog=""><catalogs><catalog name="undefined"><schemas><schema name="undefined"><tables><table name="events" grid_caption="List of Events" record_caption="Add/Edit Events" ddoriginname="events"><column name="event_id" ddcaption="Event Id" dddescription="Event Id" input_caption="Event Id" input_inputmask="" ddoriginname="event_id" dddisplaycontrol="Label" dddisplayevents="(not assigned)" ddeditcontrol="TextBox" input_datasource="" input_boundcolumn="" input_textcolumn="" ddinputevents="(not assigned)" dddisplayvisible="true" ddinputvisible="true" ddcontrolmaxlength="" dddisplaylinkproperties="" ddinputlinkproperties="" dduserdefinedprimarykey="false" input_html="HTML" display_html="Text" input_hreftype="Page" display_hreftype="Page" display_urltype="None" input_urltype="None" display_preserveparameters="GET" input_preserveparameters="GET" ddisrequired="True" input_required="True" ddcontrolsize="10" ddsize="10" ddtype="Integer" ddprimarykey="true" ddforeignkey="false" /><column name="category_id" ddcaption="Category Id" dddescription="Category Id" input_caption="Category Id" input_inputmask="" ddoriginname="category_id" dddisplaycontrol="Label" dddisplayevents="(not assigned)" ddeditcontrol="ListBox" input_datasource="event_categories" input_boundcolumn="category_id" input_textcolumn="category_name" ddinputevents="(not assigned)" dddisplayvisible="true" ddinputvisible="true" ddcontrolmaxlength="" dddisplaylinkproperties="" ddinputlinkproperties="" dduserdefinedprimarykey="false" input_html="HTML" display_html="Text" input_hreftype="Page" display_hreftype="Page" display_urltype="None" input_urltype="None" display_preserveparameters="GET" input_preserveparameters="GET" ddisrequired="False" input_required="False" ddcontrolsize="10" ddsize="10" ddtype="Integer" ddprimarykey="false" ddforeignkey="true" /><column name="is_approve" ddcaption="Is Approve" dddescription="Is Approve" input_caption="Is Approve" input_inputmask="" ddoriginname="is_approve" dddisplaycontrol="Label" dddisplayevents="(not assigned)" ddeditcontrol="TextBox" input_datasource="" input_boundcolumn="" input_textcolumn="" ddinputevents="(not assigned)" dddisplayvisible="true" ddinputvisible="true" ddcontrolmaxlength="" dddisplaylinkproperties="" ddinputlinkproperties="" dduserdefinedprimarykey="false" input_html="HTML" display_html="Text" input_hreftype="Page" display_hreftype="Page" display_urltype="None" input_urltype="None" display_preserveparameters="GET" input_preserveparameters="GET" ddisrequired="False" input_required="False" ddcontrolsize="10" ddsize="10" ddtype="Integer" ddprimarykey="false" ddforeignkey="false" /><column name="user_id_approve_by" ddcaption="User Id Approve By" dddescription="User Id Approve By" input_caption="User Id Approve By" input_inputmask="" ddoriginname="user_id_approve_by" dddisplaycontrol="Label" dddisplayevents="(not assigned)" ddeditcontrol="TextBox" input_datasource="" input_boundcolumn="" input_textcolumn="" ddinputevents="(not assigned)" dddisplayvisible="true" ddinputvisible="true" ddcontrolmaxlength="" dddisplaylinkproperties="" ddinputlinkproperties="" dduserdefinedprimarykey="false" input_html="HTML" display_html="Text" input_hreftype="Page" display_hreftype="Page" display_urltype="None" input_urltype="None" display_preserveparameters="GET" input_preserveparameters="GET" ddisrequired="False" input_required="False" ddcontrolsize="10" ddsize="10" ddtype="Integer" ddprimarykey="false" ddforeignkey="false" /><column name="date_add" ddcaption="Date Add" dddescription="Date Add" input_caption="Date Add" input_inputmask="" ddoriginname="date_add" dddisplaycontrol="Label" dddisplayevents="(not assigned)" ddeditcontrol="TextBox" input_datasource="" input_boundcolumn="" input_textcolumn="" ddinputevents="(not assigned)" dddisplayvisible="true" ddinputvisible="true" ddcontrolmaxlength="" dddisplaylinkproperties="" ddinputlinkproperties="" dduserdefinedprimarykey="false" input_html="HTML" display_html="Text" input_hreftype="Page" display_hreftype="Page" display_urltype="None" input_urltype="None" display_preserveparameters="GET" input_preserveparameters="GET" ddisrequired="False" input_required="False" ddcontrolsize="8" ddsize="8" ddtype="Date" ddprimarykey="false" ddforeignkey="false" /><column name="date_start" ddcaption="Date Start" dddescription="Date Start" input_caption="Date Start" input_inputmask="" ddoriginname="date_start" dddisplaycontrol="Label" dddisplayevents="(not assigned)" ddeditcontrol="TextBox" input_datasource="" input_boundcolumn="" input_textcolumn="" ddinputevents="(not assigned)" dddisplayvisible="true" ddinputvisible="true" ddcontrolmaxlength="" dddisplaylinkproperties="" ddinputlinkproperties="" dduserdefinedprimarykey="false" input_html="HTML" display_html="Text" input_hreftype="Page" display_hreftype="Page" display_urltype="None" input_urltype="None" display_preserveparameters="GET" input_preserveparameters="GET" ddisrequired="False" input_required="False" ddcontrolsize="8" ddsize="8" ddtype="Date" ddprimarykey="false" ddforeignkey="false" /><column name="date_end" ddcaption="Date End" dddescription="Date End" input_caption="Date End" input_inputmask="" ddoriginname="date_end" dddisplaycontrol="Label" dddisplayevents="(not assigned)" ddeditcontrol="TextBox" input_datasource="" input_boundcolumn="" input_textcolumn="" ddinputevents="(not assigned)" dddisplayvisible="true" ddinputvisible="true" ddcontrolmaxlength="" dddisplaylinkproperties="" ddinputlinkproperties="" dduserdefinedprimarykey="false" input_html="HTML" display_html="Text" input_hreftype="Page" display_hreftype="Page" display_urltype="None" input_urltype="None" display_preserveparameters="GET" input_preserveparameters="GET" ddisrequired="False" input_required="False" ddcontrolsize="8" ddsize="8" ddtype="Date" ddprimarykey="false" ddforeignkey="false" /><column name="event_name" ddcaption="Event Name" dddescription="Event Name" input_caption="Event Name" input_inputmask="" ddoriginname="event_name" dddisplaycontrol="Label" dddisplayevents="(not assigned)" ddeditcontrol="TextArea" input_datasource="" input_boundcolumn="" input_textcolumn="" ddinputevents="(not assigned)" dddisplayvisible="true" ddinputvisible="true" ddcontrolmaxlength="" dddisplaylinkproperties="" ddinputlinkproperties="" dduserdefinedprimarykey="false" input_html="HTML" display_html="Text" input_hreftype="Page" display_hreftype="Page" display_urltype="None" input_urltype="None" display_preserveparameters="GET" input_preserveparameters="GET" ddisrequired="False" input_required="False" ddcontrolsize="50" ddsize="32767" ddtype="Memo" ddprimarykey="false" ddforeignkey="false" /><column name="event_desc" ddcaption="Event Desc" dddescription="Event Desc" input_caption="Event Desc" input_inputmask="" ddoriginname="event_desc" dddisplaycontrol="Label" dddisplayevents="(not assigned)" ddeditcontrol="TextArea" input_datasource="" input_boundcolumn="" input_textcolumn="" ddinputevents="(not assigned)" dddisplayvisible="true" ddinputvisible="true" ddcontrolmaxlength="" dddisplaylinkproperties="" ddinputlinkproperties="" dduserdefinedprimarykey="false" input_html="HTML" display_html="Text" input_hreftype="Page" display_hreftype="Page" display_urltype="None" input_urltype="None" display_preserveparameters="GET" input_preserveparameters="GET" ddisrequired="False" input_required="False" ddcontrolsize="50" ddsize="32767" ddtype="Memo" ddprimarykey="false" ddforeignkey="false" /><column name="presenter" ddcaption="Presenter" dddescription="Presenter" input_caption="Presenter" input_inputmask="" ddoriginname="presenter" dddisplaycontrol="Label" dddisplayevents="(not assigned)" ddeditcontrol="TextBox" input_datasource="" input_boundcolumn="" input_textcolumn="" ddinputevents="(not assigned)" dddisplayvisible="true" ddinputvisible="true" ddcontrolmaxlength="" dddisplaylinkproperties="" ddinputlinkproperties="" dduserdefinedprimarykey="false" input_html="HTML" display_html="Text" input_hreftype="Page" display_hreftype="Page" display_urltype="None" input_urltype="None" display_preserveparameters="GET" input_preserveparameters="GET" ddisrequired="False" input_required="False" ddcontrolsize="50" ddsize="100" ddtype="Text" ddprimarykey="false" ddforeignkey="false" /><column name="location" ddcaption="Location" dddescription="Location" input_caption="Location" input_inputmask="" ddoriginname="location" dddisplaycontrol="Label" dddisplayevents="(not assigned)" ddeditcontrol="TextArea" input_datasource="" input_boundcolumn="" input_textcolumn="" ddinputevents="(not assigned)" dddisplayvisible="true" ddinputvisible="true" ddcontrolmaxlength="" dddisplaylinkproperties="" ddinputlinkproperties="" dduserdefinedprimarykey="false" input_html="HTML" display_html="Text" input_hreftype="Page" display_hreftype="Page" display_urltype="None" input_urltype="None" display_preserveparameters="GET" input_preserveparameters="GET" ddisrequired="False" input_required="False" ddcontrolsize="50" ddsize="32767" ddtype="Memo" ddprimarykey="false" ddforeignkey="false" /><column name="location_url" ddcaption="Location Url" dddescription="Location Url" input_caption="Location Url" input_inputmask="" ddoriginname="location_url" dddisplaycontrol="Label" dddisplayevents="(not assigned)" ddeditcontrol="TextBox" input_datasource="" input_boundcolumn="" input_textcolumn="" ddinputevents="(not assigned)" dddisplayvisible="true" ddinputvisible="true" ddcontrolmaxlength="" dddisplaylinkproperties="" ddinputlinkproperties="" dduserdefinedprimarykey="false" input_html="HTML" display_html="Text" input_hreftype="Page" display_hreftype="Page" display_urltype="None" input_urltype="None" display_preserveparameters="GET" input_preserveparameters="GET" ddisrequired="False" input_required="False" ddcontrolsize="50" ddsize="255" ddtype="Text" ddprimarykey="false" ddforeignkey="false" /><column name="image_url" ddcaption="Image Url" dddescription="Image Url" input_caption="Image Url" input_inputmask="" ddoriginname="image_url" dddisplaycontrol="Label" dddisplayevents="(not assigned)" ddeditcontrol="TextBox" input_datasource="" input_boundcolumn="" input_textcolumn="" ddinputevents="(not assigned)" dddisplayvisible="true" ddinputvisible="true" ddcontrolmaxlength="" dddisplaylinkproperties="" ddinputlinkproperties="" dduserdefinedprimarykey="false" input_html="HTML" display_html="Text" input_hreftype="Page" display_hreftype="Page" display_urltype="None" input_urltype="None" display_preserveparameters="GET" input_preserveparameters="GET" ddisrequired="False" input_required="False" ddcontrolsize="50" ddsize="255" ddtype="Text" ddprimarykey="false" ddforeignkey="false" /><column name="fee" ddcaption="Fee" dddescription="Fee" input_caption="Fee" input_inputmask="" ddoriginname="fee" dddisplaycontrol="Label" dddisplayevents="(not assigned)" ddeditcontrol="TextBox" input_datasource="" input_boundcolumn="" input_textcolumn="" ddinputevents="(not assigned)" dddisplayvisible="true" ddinputvisible="true" ddcontrolmaxlength="" dddisplaylinkproperties="" ddinputlinkproperties="" dduserdefinedprimarykey="false" input_html="HTML" display_html="Text" input_hreftype="Page" display_hreftype="Page" display_urltype="None" input_urltype="None" display_preserveparameters="GET" input_preserveparameters="GET" ddisrequired="False" input_required="False" ddcontrolsize="50" ddsize="150" ddtype="Text" ddprimarykey="false" ddforeignkey="false" /><column name="user_id_add" ddcaption="User Id Add" dddescription="User Id Add" input_caption="User Id Add" input_inputmask="" ddoriginname="user_id_add" dddisplaycontrol="Label" dddisplayevents="(not assigned)" ddeditcontrol="TextBox" input_datasource="" input_boundcolumn="" input_textcolumn="" ddinputevents="(not assigned)" dddisplayvisible="true" ddinputvisible="true" ddcontrolmaxlength="" dddisplaylinkproperties="" ddinputlinkproperties="" dduserdefinedprimarykey="false" input_html="HTML" display_html="Text" input_hreftype="Page" display_hreftype="Page" display_urltype="None" input_urltype="None" display_preserveparameters="GET" input_preserveparameters="GET" ddisrequired="False" input_required="False" ddcontrolsize="10" ddsize="10" ddtype="Integer" ddprimarykey="false" ddforeignkey="false" /></table><table name="ages" grid_caption="List of Ages" record_caption="Add/Edit Ages" ddoriginname="ages"><column name="age_id" ddcaption="Age Id" dddescription="Age Id" input_caption="Age Id" input_inputmask="" ddoriginname="age_id" dddisplaycontrol="Label" dddisplayevents="(not assigned)" ddeditcontrol="TextBox" input_datasource="" input_boundcolumn="" input_textcolumn="" ddinputevents="(not assigned)" dddisplayvisible="true" ddinputvisible="true" ddcontrolmaxlength="" dddisplaylinkproperties="" ddinputlinkproperties="" dduserdefinedprimarykey="false" input_html="HTML" display_html="Text" input_hreftype="Page" display_hreftype="Page" display_urltype="None" input_urltype="None" display_preserveparameters="GET" input_preserveparameters="GET" ddisrequired="True" input_required="True" ddcontrolsize="10" ddsize="10" ddtype="Integer" ddprimarykey="true" ddforeignkey="false" /><column name="age_name" ddcaption="Age Name" dddescription="Age Name" input_caption="Age Name" input_inputmask="" ddoriginname="age_name" dddisplaycontrol="Label" dddisplayevents="(not assigned)" ddeditcontrol="TextBox" input_datasource="" input_boundcolumn="" input_textcolumn="" ddinputevents="(not assigned)" dddisplayvisible="true" ddinputvisible="true" ddcontrolmaxlength="" dddisplaylinkproperties="" ddinputlinkproperties="" dduserdefinedprimarykey="false" input_html="HTML" display_html="Text" input_hreftype="Page" display_hreftype="Page" display_urltype="None" input_urltype="None" display_preserveparameters="GET" input_preserveparameters="GET" ddisrequired="False" input_required="False" ddcontrolsize="15" ddsize="15" ddtype="Text" ddprimarykey="false" ddforeignkey="false" /></table><table name="Query1" grid_caption="List of Query1" record_caption="Add/Edit Query1" ddoriginname="Query1" ddtabletype="Query"><column name="event_id" ddcaption="Event Id" dddescription="Event Id" input_caption="Event Id" input_inputmask="" ddoriginname="event_id" dddisplaycontrol="Label" dddisplayevents="(not assigned)" ddeditcontrol="TextBox" input_datasource="" input_boundcolumn="" input_textcolumn="" ddinputevents="(not assigned)" dddisplayvisible="true" ddinputvisible="true" ddcontrolmaxlength="" dddisplaylinkproperties="" ddinputlinkproperties="" dduserdefinedprimarykey="false" input_html="HTML" display_html="Text" input_hreftype="Page" display_hreftype="Page" display_urltype="None" input_urltype="None" display_preserveparameters="GET" input_preserveparameters="GET" ddisrequired="true" input_required="true" ddcontrolsize="10" ddsize="10" ddtype="Integer" ddprimarykey="true" ddforeignkey="false" /><column name="category_id" ddcaption="Category Id" dddescription="Category Id" input_caption="Category Id" input_inputmask="" ddoriginname="category_id" dddisplaycontrol="Label" dddisplayevents="(not assigned)" ddeditcontrol="ListBox" input_datasource="event_categories" input_boundcolumn="category_id" input_textcolumn="category_name" ddinputevents="(not assigned)" dddisplayvisible="true" ddinputvisible="true" ddcontrolmaxlength="" dddisplaylinkproperties="" ddinputlinkproperties="" dduserdefinedprimarykey="false" input_html="HTML" display_html="Text" input_hreftype="Page" display_hreftype="Page" display_urltype="None" input_urltype="None" display_preserveparameters="GET" input_preserveparameters="GET" ddisrequired="false" input_required="false" ddcontrolsize="10" ddsize="10" ddtype="Integer" ddprimarykey="false" ddforeignkey="true" /><column name="is_approve" ddcaption="Is Approve" dddescription="Is Approve" input_caption="Is Approve" input_inputmask="" ddoriginname="is_approve" dddisplaycontrol="Label" dddisplayevents="(not assigned)" ddeditcontrol="TextBox" input_datasource="" input_boundcolumn="" input_textcolumn="" ddinputevents="(not assigned)" dddisplayvisible="true" ddinputvisible="true" ddcontrolmaxlength="" dddisplaylinkproperties="" ddinputlinkproperties="" dduserdefinedprimarykey="false" input_html="HTML" display_html="Text" input_hreftype="Page" display_hreftype="Page" display_urltype="None" input_urltype="None" display_preserveparameters="GET" input_preserveparameters="GET" ddisrequired="false" input_required="false" ddcontrolsize="10" ddsize="10" ddtype="Integer" ddprimarykey="false" ddforeignkey="false" /><column name="user_id_approve_by" ddcaption="User Id Approve By" dddescription="User Id Approve By" input_caption="User Id Approve By" input_inputmask="" ddoriginname="user_id_approve_by" dddisplaycontrol="Label" dddisplayevents="(not assigned)" ddeditcontrol="TextBox" input_datasource="" input_boundcolumn="" input_textcolumn="" ddinputevents="(not assigned)" dddisplayvisible="true" ddinputvisible="true" ddcontrolmaxlength="" dddisplaylinkproperties="" ddinputlinkproperties="" dduserdefinedprimarykey="false" input_html="HTML" display_html="Text" input_hreftype="Page" display_hreftype="Page" display_urltype="None" input_urltype="None" display_preserveparameters="GET" input_preserveparameters="GET" ddisrequired="false" input_required="false" ddcontrolsize="10" ddsize="10" ddtype="Integer" ddprimarykey="false" ddforeignkey="false" /><column name="date_add" ddcaption="Date Add" dddescription="Date Add" input_caption="Date Add" input_inputmask="" ddoriginname="date_add" dddisplaycontrol="Label" dddisplayevents="(not assigned)" ddeditcontrol="TextBox" input_datasource="" input_boundcolumn="" input_textcolumn="" ddinputevents="(not assigned)" dddisplayvisible="true" ddinputvisible="true" ddcontrolmaxlength="" dddisplaylinkproperties="" ddinputlinkproperties="" dduserdefinedprimarykey="false" input_html="HTML" display_html="Text" input_hreftype="Page" display_hreftype="Page" display_urltype="None" input_urltype="None" display_preserveparameters="GET" input_preserveparameters="GET" ddisrequired="false" input_required="false" ddcontrolsize="8" ddsize="8" ddtype="Date" ddprimarykey="false" ddforeignkey="false" /><column name="date_start" ddcaption="Date Start" dddescription="Date Start" input_caption="Date Start" input_inputmask="" ddoriginname="date_start" dddisplaycontrol="Label" dddisplayevents="(not assigned)" ddeditcontrol="TextBox" input_datasource="" input_boundcolumn="" input_textcolumn="" ddinputevents="(not assigned)" dddisplayvisible="true" ddinputvisible="true" ddcontrolmaxlength="" dddisplaylinkproperties="" ddinputlinkproperties="" dduserdefinedprimarykey="false" input_html="HTML" display_html="Text" input_hreftype="Page" display_hreftype="Page" display_urltype="None" input_urltype="None" display_preserveparameters="GET" input_preserveparameters="GET" ddisrequired="false" input_required="false" ddcontrolsize="8" ddsize="8" ddtype="Date" ddprimarykey="false" ddforeignkey="false" /><column name="date_end" ddcaption="Date End" dddescription="Date End" input_caption="Date End" input_inputmask="" ddoriginname="date_end" dddisplaycontrol="Label" dddisplayevents="(not assigned)" ddeditcontrol="TextBox" input_datasource="" input_boundcolumn="" input_textcolumn="" ddinputevents="(not assigned)" dddisplayvisible="true" ddinputvisible="true" ddcontrolmaxlength="" dddisplaylinkproperties="" ddinputlinkproperties="" dduserdefinedprimarykey="false" input_html="HTML" display_html="Text" input_hreftype="Page" display_hreftype="Page" display_urltype="None" input_urltype="None" display_preserveparameters="GET" input_preserveparameters="GET" ddisrequired="false" input_required="false" ddcontrolsize="8" ddsize="8" ddtype="Date" ddprimarykey="false" ddforeignkey="false" /><column name="event_name" ddcaption="Event Name" dddescription="Event Name" input_caption="Event Name" input_inputmask="" ddoriginname="event_name" dddisplaycontrol="Label" dddisplayevents="(not assigned)" ddeditcontrol="TextArea" input_datasource="" input_boundcolumn="" input_textcolumn="" ddinputevents="(not assigned)" dddisplayvisible="true" ddinputvisible="true" ddcontrolmaxlength="" dddisplaylinkproperties="" ddinputlinkproperties="" dduserdefinedprimarykey="false" input_html="HTML" display_html="Text" input_hreftype="Page" display_hreftype="Page" display_urltype="None" input_urltype="None" display_preserveparameters="GET" input_preserveparameters="GET" ddisrequired="false" input_required="false" ddcontrolsize="50" ddsize="32767" ddtype="Memo" ddprimarykey="false" ddforeignkey="false" /><column name="event_desc" ddcaption="Event Desc" dddescription="Event Desc" input_caption="Event Desc" input_inputmask="" ddoriginname="event_desc" dddisplaycontrol="Label" dddisplayevents="(not assigned)" ddeditcontrol="TextArea" input_datasource="" input_boundcolumn="" input_textcolumn="" ddinputevents="(not assigned)" dddisplayvisible="true" ddinputvisible="true" ddcontrolmaxlength="" dddisplaylinkproperties="" ddinputlinkproperties="" dduserdefinedprimarykey="false" input_html="HTML" display_html="Text" input_hreftype="Page" display_hreftype="Page" display_urltype="None" input_urltype="None" display_preserveparameters="GET" input_preserveparameters="GET" ddisrequired="false" input_required="false" ddcontrolsize="50" ddsize="32767" ddtype="Memo" ddprimarykey="false" ddforeignkey="false" /><column name="presenter" ddcaption="Presenter" dddescription="Presenter" input_caption="Presenter" input_inputmask="" ddoriginname="presenter" dddisplaycontrol="Label" dddisplayevents="(not assigned)" ddeditcontrol="TextBox" input_datasource="" input_boundcolumn="" input_textcolumn="" ddinputevents="(not assigned)" dddisplayvisible="true" ddinputvisible="true" ddcontrolmaxlength="" dddisplaylinkproperties="" ddinputlinkproperties="" dduserdefinedprimarykey="false" input_html="HTML" display_html="Text" input_hreftype="Page" display_hreftype="Page" display_urltype="None" input_urltype="None" display_preserveparameters="GET" input_preserveparameters="GET" ddisrequired="false" input_required="false" ddcontrolsize="50" ddsize="100" ddtype="Text" ddprimarykey="false" ddforeignkey="false" /><column name="location" ddcaption="Location" dddescription="Location" input_caption="Location" input_inputmask="" ddoriginname="location" dddisplaycontrol="Label" dddisplayevents="(not assigned)" ddeditcontrol="TextArea" input_datasource="" input_boundcolumn="" input_textcolumn="" ddinputevents="(not assigned)" dddisplayvisible="true" ddinputvisible="true" ddcontrolmaxlength="" dddisplaylinkproperties="" ddinputlinkproperties="" dduserdefinedprimarykey="false" input_html="HTML" display_html="Text" input_hreftype="Page" display_hreftype="Page" display_urltype="None" input_urltype="None" display_preserveparameters="GET" input_preserveparameters="GET" ddisrequired="false" input_required="false" ddcontrolsize="50" ddsize="32767" ddtype="Memo" ddprimarykey="false" ddforeignkey="false" /><column name="location_url" ddcaption="Location Url" dddescription="Location Url" input_caption="Location Url" input_inputmask="" ddoriginname="location_url" dddisplaycontrol="Label" dddisplayevents="(not assigned)" ddeditcontrol="TextBox" input_datasource="" input_boundcolumn="" input_textcolumn="" ddinputevents="(not assigned)" dddisplayvisible="true" ddinputvisible="true" ddcontrolmaxlength="" dddisplaylinkproperties="" ddinputlinkproperties="" dduserdefinedprimarykey="false" input_html="HTML" display_html="Text" input_hreftype="Page" display_hreftype="Page" display_urltype="None" input_urltype="None" display_preserveparameters="GET" input_preserveparameters="GET" ddisrequired="false" input_required="false" ddcontrolsize="50" ddsize="255" ddtype="Text" ddprimarykey="false" ddforeignkey="false" /><column name="image_url" ddcaption="Image Url" dddescription="Image Url" input_caption="Image Url" input_inputmask="" ddoriginname="image_url" dddisplaycontrol="Label" dddisplayevents="(not assigned)" ddeditcontrol="TextBox" input_datasource="" input_boundcolumn="" input_textcolumn="" ddinputevents="(not assigned)" dddisplayvisible="true" ddinputvisible="true" ddcontrolmaxlength="" dddisplaylinkproperties="" ddinputlinkproperties="" dduserdefinedprimarykey="false" input_html="HTML" display_html="Text" input_hreftype="Page" display_hreftype="Page" display_urltype="None" input_urltype="None" display_preserveparameters="GET" input_preserveparameters="GET" ddisrequired="false" input_required="false" ddcontrolsize="50" ddsize="255" ddtype="Text" ddprimarykey="false" ddforeignkey="false" /><column name="fee" ddcaption="Fee" dddescription="Fee" input_caption="Fee" input_inputmask="" ddoriginname="fee" dddisplaycontrol="Label" dddisplayevents="(not assigned)" ddeditcontrol="TextBox" input_datasource="" input_boundcolumn="" input_textcolumn="" ddinputevents="(not assigned)" dddisplayvisible="true" ddinputvisible="true" ddcontrolmaxlength="" dddisplaylinkproperties="" ddinputlinkproperties="" dduserdefinedprimarykey="false" input_html="HTML" display_html="Text" input_hreftype="Page" display_hreftype="Page" display_urltype="None" input_urltype="None" display_preserveparameters="GET" input_preserveparameters="GET" ddisrequired="false" input_required="false" ddcontrolsize="50" ddsize="150" ddtype="Text" ddprimarykey="false" ddforeignkey="false" /><column name="user_id_add" ddcaption="User Id Add" dddescription="User Id Add" input_caption="User Id Add" input_inputmask="" ddoriginname="user_id_add" dddisplaycontrol="Label" dddisplayevents="(not assigned)" ddeditcontrol="TextBox" input_datasource="" input_boundcolumn="" input_textcolumn="" ddinputevents="(not assigned)" dddisplayvisible="true" ddinputvisible="true" ddcontrolmaxlength="" dddisplaylinkproperties="" ddinputlinkproperties="" dduserdefinedprimarykey="false" input_html="HTML" display_html="Text" input_hreftype="Page" display_hreftype="Page" display_urltype="None" input_urltype="None" display_preserveparameters="GET" input_preserveparameters="GET" ddisrequired="false" input_required="false" ddcontrolsize="10" ddsize="10" ddtype="Integer" ddprimarykey="false" ddforeignkey="false" /></table><table name="store_editorial_products" grid_caption="List of Store Editorial Products" record_caption="Add/Edit Store Editorial Products" ddoriginname="store_editorial_products"><column name="article_id" ddcaption="Article Id" dddescription="Article Id" input_caption="Article Id" input_inputmask="" ddoriginname="article_id" dddisplaycontrol="Label" dddisplayevents="(not assigned)" ddeditcontrol="TextBox" input_datasource="" input_boundcolumn="" input_textcolumn="" ddinputevents="(not assigned)" dddisplayvisible="true" ddinputvisible="true" ddcontrolmaxlength="" dddisplaylinkproperties="" ddinputlinkproperties="" dduserdefinedprimarykey="false" input_html="HTML" display_html="Text" input_hreftype="Page" display_hreftype="Page" display_urltype="None" input_urltype="None" display_preserveparameters="GET" input_preserveparameters="GET" ddisrequired="True" input_required="True" ddcontrolsize="10" ddsize="10" ddtype="Integer" ddprimarykey="true" ddforeignkey="false" /><column name="editorial_cat_id" ddcaption="Editorial Cat Id" dddescription="Editorial Cat Id" input_caption="Editorial Cat Id" input_inputmask="" ddoriginname="editorial_cat_id" dddisplaycontrol="Label" dddisplayevents="(not assigned)" ddeditcontrol="ListBox" input_datasource="store_editorial_categories" input_boundcolumn="category_id" input_textcolumn="category_name" ddinputevents="(not assigned)" dddisplayvisible="true" ddinputvisible="true" ddcontrolmaxlength="" dddisplaylinkproperties="" ddinputlinkproperties="" dduserdefinedprimarykey="false" input_html="HTML" display_html="Text" input_hreftype="Page" display_hreftype="Page" display_urltype="None" input_urltype="None" display_preserveparameters="GET" input_preserveparameters="GET" ddisrequired="False" input_required="False" ddcontrolsize="10" ddsize="10" ddtype="Integer" ddprimarykey="false" ddforeignkey="true" /><column name="article_title" ddcaption="Article Title" dddescription="Article Title" input_caption="Article Title" input_inputmask="" ddoriginname="article_title" dddisplaycontrol="Label" dddisplayevents="(not assigned)" ddeditcontrol="TextBox" input_datasource="" input_boundcolumn="" input_textcolumn="" ddinputevents="(not assigned)" dddisplayvisible="true" ddinputvisible="true" ddcontrolmaxlength="" dddisplaylinkproperties="" ddinputlinkproperties="" dduserdefinedprimarykey="false" input_html="HTML" display_html="Text" input_hreftype="Page" display_hreftype="Page" display_urltype="None" input_urltype="None" display_preserveparameters="GET" input_preserveparameters="GET" ddisrequired="False" input_required="False" ddcontrolsize="50" ddsize="200" ddtype="Text" ddprimarykey="false" ddforeignkey="false" /><column name="article_desc" ddcaption="Article Desc" dddescription="Article Desc" input_caption="Article Desc" input_inputmask="" ddoriginname="article_desc" dddisplaycontrol="Label" dddisplayevents="(not assigned)" ddeditcontrol="TextArea" input_datasource="" input_boundcolumn="" input_textcolumn="" ddinputevents="(not assigned)" dddisplayvisible="true" ddinputvisible="true" ddcontrolmaxlength="" dddisplaylinkproperties="" ddinputlinkproperties="" dduserdefinedprimarykey="false" input_html="HTML" display_html="Text" input_hreftype="Page" display_hreftype="Page" display_urltype="None" input_urltype="None" display_preserveparameters="GET" input_preserveparameters="GET" ddisrequired="False" input_required="False" ddcontrolsize="50" ddsize="32767" ddtype="Memo" ddprimarykey="false" ddforeignkey="false" /><column name="product_id" ddcaption="Product Id" dddescription="Product Id" input_caption="Product Id" input_inputmask="" ddoriginname="product_id" dddisplaycontrol="Label" dddisplayevents="(not assigned)" ddeditcontrol="ListBox" input_datasource="store_products" input_boundcolumn="product_id" input_textcolumn="product_name" ddinputevents="(not assigned)" dddisplayvisible="true" ddinputvisible="true" ddcontrolmaxlength="" dddisplaylinkproperties="" ddinputlinkproperties="" dduserdefinedprimarykey="false" input_html="HTML" display_html="Text" input_hreftype="Page" display_hreftype="Page" display_urltype="None" input_urltype="None" display_preserveparameters="GET" input_preserveparameters="GET" ddisrequired="False" input_required="False" ddcontrolsize="10" ddsize="10" ddtype="Integer" ddprimarykey="false" ddforeignkey="true" /><column name="is_active" ddcaption="Is Active" dddescription="Is Active" input_caption="Is Active" input_inputmask="" ddoriginname="is_active" dddisplaycontrol="Label" dddisplayevents="(not assigned)" ddeditcontrol="CheckBox" input_datasource="" input_boundcolumn="" input_textcolumn="" ddinputevents="(not assigned)" dddisplayvisible="true" ddinputvisible="true" ddcontrolmaxlength="" dddisplaylinkproperties="" ddinputlinkproperties="" dduserdefinedprimarykey="false" input_html="HTML" display_html="Text" input_hreftype="Page" display_hreftype="Page" display_urltype="None" input_urltype="None" display_preserveparameters="GET" input_preserveparameters="GET" ddisrequired="True" input_required="True" ddcontrolsize="1" ddsize="1" ddtype="Boolean" ddprimarykey="false" ddforeignkey="false" /></table></tables><queries><Query name="Query1" sourceType="Table" treeWidth="240" builderHeight="170" schemaName="" sqlHeight="170"><dataSource><![CDATA[events]]></dataSource><dataSourceProcedure><![CDATA[]]></dataSourceProcedure><dataSourceSQL><![CDATA[]]></dataSourceSQL><TableParameters /><JoinTables><JoinTable id="1" posHeight="180" posLeft="10" posTop="10" posWidth="154" schemaName="undefined" tableName="events" /></JoinTables><JoinLinks /><Fields><Field fieldName="*" id="0" /></Fields><PKFields><PKField dataType="Integer" fieldName="event_id" id="517" tableName="events" /></PKFields><SPParameters /><SQLParameters /></Query></queries></schema></schemas></catalog></catalogs><relations /><Positions /></DataDictionary>